id,first_name,last_name,email,gender,ip_address
1,Benjamin,Barnes,bbarnes0@google.com.au,Male,43.29.20.207
2,Andrea,Mills,amills1@github.com,Female,28.188.4.113
3,Jennifer,Stanley,jstanley2@usatoday.com,Female,43.251.239.215
4,Sarah,Berry,sberry3@example.com,Female,30.192.151.211
5,Daniel,Bennett,dbennett4@google.ca,Male,193.90.244.55
6,Kevin,Ortiz,kortiz5@sun.com,Male,244.143.98.223
7,John,Alvarez,jalvarez6@weibo.com,Male,186.68.4.110
8,Eric,Fox,efox7@reference.com,Male,185.173.176.134
9,John,Howell,jhowell8@php.net,Male,110.119.88.57
10,Thomas,Pierce,tpierce9@plala.or.jp,Male,49.18.8.31
11,Robert,Fields,rfieldsa@sogou.com,Male,73.138.69.4
12,Melissa,Hunter,mhunterb@comsenz.com,Female,159.121.251.228
13,Jessica,Nelson,jnelsonc@sogou.com,Female,123.82.201.236
14,Rachel,Mcdonald,rmcdonaldd@seesaa.net,Female,69.161.233.243
15,Lois,Johnston,ljohnstone@springer.com,Female,170.134.81.12
16,Craig,Cooper,ccooperf@wikimedia.org,Male,32.44.131.156
17,Norma,Duncan,nduncang@ebay.com,Female,91.25.77.199
18,Albert,Boyd,aboydh@live.com,Male,86.108.93.253
19,Tina,Johnson,tjohnsoni@twitter.com,Female,185.6.134.122
20,Eric,Garcia,egarciaj@yolasite.com,Male,241.28.25.191
21,Bruce,Burns,bburnsk@china.com.cn,Male,88.242.58.48
22,Louise,Woods,lwoodsl@sciencedirect.com,Female,249.35.33.143
23,Louis,Reyes,lreyesm@tinyurl.com,Male,77.124.220.191
24,Patrick,Banks,pbanksn@usatoday.com,Male,230.254.230.238
25,Melissa,Mason,mmasono@facebook.com,Female,21.23.46.238
26,Judith,Chavez,jchavezp@rakuten.co.jp,Female,171.52.48.2
27,Donald,Castillo,dcastilloq@sourceforge.net,Male,49.197.233.206
28,Daniel,Hunter,dhunterr@sina.com.cn,Male,158.78.36.117
29,Betty,Hanson,bhansons@howstuffworks.com,Female,247.201.4.233
30,Mildred,Jordan,mjordant@cisco.com,Female,99.17.118.91
31,Fred,Lane,flaneu@cnbc.com,Male,61.89.182.107
32,Christopher,Knight,cknightv@patch.com,Male,24.23.209.50
33,Karen,Sims,ksimsw@wp.com,Female,134.130.219.108
34,Samuel,Mason,smasonx@aboutads.info,Male,32.215.23.1
35,Jennifer,Lopez,jlopezy@clickbank.net,Female,242.26.180.88
36,Arthur,Mills,amillsz@meetup.com,Male,109.109.111.111
37,Sarah,Perry,sperry10@buzzfeed.com,Female,19.184.200.250
38,Russell,Tucker,rtucker11@forbes.com,Male,96.56.231.62
39,Jacqueline,Baker,jbaker12@bizjournals.com,Female,196.233.226.126
40,Maria,Nguyen,mnguyen13@oaic.gov.au,Female,6.180.21.35
41,Gloria,Payne,gpayne14@lulu.com,Female,153.24.235.64
42,Frances,Howell,fhowell15@dedecms.com,Female,96.82.205.42
43,Ralph,Garcia,rgarcia16@reference.com,Male,119.10.154.152
44,Melissa,Hughes,mhughes17@wix.com,Female,247.145.201.118
45,Raymond,Price,rprice18@foxnews.com,Male,39.228.147.134
46,Billy,Anderson,banderson19@fema.gov,Male,60.190.219.108
47,Janet,Flores,jflores1a@umn.edu,Female,149.199.76.80
48,Justin,Willis,jwillis1b@vinaora.com,Male,60.166.110.136
49,Martha,Scott,mscott1c@admin.ch,Female,167.70.219.210
50,Jennifer,Cooper,jcooper1d@utexas.edu,Female,54.250.38.245
51,Carl,Wagner,cwagner1e@sakura.ne.jp,Male,18.64.45.203
52,Janice,Griffin,jgriffin1f@google.com,Female,71.77.137.87
53,Samuel,Rose,srose1g@arizona.edu,Male,174.27.53.58
54,Christine,Flores,cflores1h@ameblo.jp,Female,178.45.93.119
55,Jeremy,Brown,jbrown1i@blinklist.com,Male,245.70.73.160
56,Fred,Smith,fsmith1j@sfgate.com,Male,12.239.23.170
57,Nicholas,Oliver,noliver1k@va.gov,Male,15.15.207.96
58,Kathryn,Wood,kwood1l@photobucket.com,Female,92.63.247.218
59,Samuel,Gomez,sgomez1m@hc360.com,Male,149.155.17.139
60,Louis,Long,llong1n@weebly.com,Male,89.6.142.135
61,Alice,Martinez,amartinez1o@sun.com,Female,163.19.5.132
62,Julia,Hudson,jhudson1p@youtu.be,Female,119.57.45.254
63,Bobby,Morgan,bmorgan1q@chron.com,Male,135.37.84.79
64,Howard,Burns,hburns1r@list-manage.com,Male,81.187.1.255
65,Jimmy,Alexander,jalexander1s@baidu.com,Male,40.52.116.5
66,Doris,Gilbert,dgilbert1t@europa.eu,Female,136.210.99.179
67,Tammy,Hamilton,thamilton1u@over-blog.com,Female,215.62.180.122
68,Sara,Dixon,sdixon1v@tripadvisor.com,Female,230.127.130.54
69,Andrea,Taylor,ataylor1w@delicious.com,Female,147.51.127.212
70,Sean,King,sking1x@umich.edu,Male,85.196.248.67
71,William,Rose,wrose1y@1und1.de,Male,36.71.83.227
72,Alice,Pierce,apierce1z@shutterfly.com,Female,246.93.218.185
73,Andrew,Gilbert,agilbert20@ox.ac.uk,Male,78.93.205.2
74,Benjamin,Payne,bpayne21@google.ca,Male,29.188.63.179
75,Lisa,Carr,lcarr22@weibo.com,Female,194.241.160.89
76,Carlos,Bradley,cbradley23@biglobe.ne.jp,Male,139.61.63.129
77,Virginia,Lopez,vlopez24@xinhuanet.com,Female,24.44.98.214
78,John,Hunt,jhunt25@noaa.gov,Male,203.10.64.169
79,Sean,Warren,swarren26@trellian.com,Male,174.164.78.251
80,Ruth,Robinson,rrobinson27@unesco.org,Female,194.208.235.129
81,Maria,Walker,mwalker28@theguardian.com,Female,76.77.29.128
82,Stephanie,Hamilton,shamilton29@smh.com.au,Female,211.115.7.201
83,Betty,Gibson,bgibson2a@g.co,Female,107.134.102.135
84,Martin,Matthews,mmatthews2b@whitehouse.gov,Male,157.220.120.235
85,Norma,Romero,nromero2c@mapy.cz,Female,166.66.87.176
86,Todd,Henderson,thenderson2d@pagesperso-orange.fr,Male,166.136.135.219
87,Patrick,Fisher,pfisher2e@freewebs.com,Male,62.125.204.56
88,James,Fisher,jfisher2f@cnn.com,Male,144.54.204.78
89,Amy,Knight,aknight2g@issuu.com,Female,182.117.20.105
90,Diane,Romero,dromero2h@fema.gov,Female,38.9.50.143
91,Craig,Patterson,cpatterson2i@cornell.edu,Male,177.139.203.59
92,Christopher,Webb,cwebb2j@epa.gov,Male,63.100.68.207
93,Theresa,Wagner,twagner2k@rediff.com,Female,147.190.69.237
94,Barbara,Lopez,blopez2l@ovh.net,Female,33.242.102.177
95,Marie,Baker,mbaker2m@sakura.ne.jp,Female,242.48.8.25
96,Clarence,Williamson,cwilliamson2n@360.cn,Male,9.135.215.131
97,Gloria,Frazier,gfrazier2o@house.gov,Female,169.174.39.132
98,Dennis,Robertson,drobertson2p@moonfruit.com,Male,38.75.85.192
99,Betty,Foster,bfoster2q@tinypic.com,Female,89.73.164.79
100,Antonio,Olson,aolson2r@cargocollective.com,Male,189.11.242.162
101,Craig,Elliott,celliott2s@prlog.org,Male,232.135.210.52
102,Brian,Hansen,bhansen2t@java.com,Male,207.140.172.235
103,Teresa,Harris,tharris2u@weebly.com,Female,124.112.230.40
104,Sara,Greene,sgreene2v@live.com,Female,169.19.1.209
105,Bobby,Perez,bperez2w@youtube.com,Male,25.255.59.215
106,Christopher,Murray,cmurray2x@sciencedaily.com,Male,38.47.122.162
107,Bobby,Williamson,bwilliamson2y@senate.gov,Male,60.201.65.46
108,Jacqueline,Wells,jwells2z@miibeian.gov.cn,Female,205.209.142.184
109,Elizabeth,Jackson,ejackson30@chron.com,Female,25.103.46.13
110,Mark,Simpson,msimpson31@simplemachines.org,Male,178.128.199.26
111,Joseph,Hill,jhill32@free.fr,Male,7.55.55.101
112,Michelle,Montgomery,mmontgomery33@instagram.com,Female,19.229.231.1
113,Ronald,Boyd,rboyd34@senate.gov,Male,11.151.145.216
114,Jessica,Alexander,jalexander35@sogou.com,Female,142.226.58.28
115,Norma,Price,nprice36@posterous.com,Female,14.126.85.53
116,Nancy,Rivera,nrivera37@timesonline.co.uk,Female,85.194.162.232
117,Dennis,Cooper,dcooper38@si.edu,Male,190.217.240.71
118,Justin,Harrison,jharrison39@cornell.edu,Male,24.4.253.192
119,Helen,West,hwest3a@blogtalkradio.com,Female,132.75.56.67
120,Earl,Larson,elarson3b@theglobeandmail.com,Male,83.150.105.51
121,Keith,Peterson,kpeterson3c@cnet.com,Male,52.254.20.184
122,Jacqueline,Reyes,jreyes3d@hibu.com,Female,100.206.93.77
123,Martha,Young,myoung3e@hugedomains.com,Female,101.104.129.58
124,Willie,Smith,wsmith3f@google.com.au,Male,205.186.120.202
125,Patrick,Mills,pmills3g@toplist.cz,Male,162.216.106.178
126,Carl,Dean,cdean3h@desdev.cn,Male,130.239.75.24
127,Justin,Adams,jadams3i@tripadvisor.com,Male,29.210.173.190
128,Patricia,Pierce,ppierce3j@zdnet.com,Female,55.51.224.170
129,Nicole,Mason,nmason3k@e-recht24.de,Female,162.131.255.8
130,Adam,Kelley,akelley3l@pagesperso-orange.fr,Male,182.224.130.158
131,Stephen,Evans,sevans3m@google.com,Male,243.137.45.186
132,Diane,Wells,dwells3n@samsung.com,Female,94.169.122.40
133,Denise,Burke,dburke3o@buzzfeed.com,Female,98.155.82.170
134,Jesse,Willis,jwillis3p@diigo.com,Male,56.191.58.132
135,Tammy,Reed,treed3q@sina.com.cn,Female,188.234.36.125
136,Larry,Gibson,lgibson3r@youku.com,Male,223.202.139.29
137,Walter,Ramos,wramos3s@si.edu,Male,101.5.203.201
138,Virginia,Shaw,vshaw3t@amazon.com,Female,235.71.42.127
139,Kathryn,Thomas,kthomas3u@yahoo.com,Female,86.20.78.134
140,Ronald,Ramirez,rramirez3v@odnoklassniki.ru,Male,57.82.49.106
141,Karen,Henry,khenry3w@tripadvisor.com,Female,33.107.220.119
142,Louise,Lawson,llawson3x@studiopress.com,Female,234.157.127.61
143,Denise,Ruiz,druiz3y@answers.com,Female,128.120.164.45
144,Shirley,Chapman,schapman3z@cam.ac.uk,Female,233.177.207.4
145,Walter,Dixon,wdixon40@vinaora.com,Male,115.125.58.18
146,Keith,Welch,kwelch41@arizona.edu,Male,207.18.131.146
147,Kathryn,Dunn,kdunn42@unc.edu,Female,54.188.182.40
148,Barbara,Jacobs,bjacobs43@photobucket.com,Female,161.208.131.49
149,Tammy,Clark,tclark44@sohu.com,Female,213.37.77.108
150,Andrew,Payne,apayne45@slideshare.net,Male,11.100.220.18
151,Brenda,Jones,bjones46@pinterest.com,Female,175.212.91.49
152,Shirley,Gardner,sgardner47@about.com,Female,117.209.46.220
153,Kathy,Greene,kgreene48@g.co,Female,241.47.142.31
154,Mildred,Patterson,mpatterson49@apache.org,Female,177.76.141.109
155,Julia,Mitchell,jmitchell4a@columbia.edu,Female,130.110.249.107
156,Kathleen,Ray,kray4b@cdbaby.com,Female,239.126.158.10
157,Brenda,Freeman,bfreeman4c@mtv.com,Female,207.51.28.183
158,Marilyn,Watson,mwatson4d@yelp.com,Female,199.146.228.184
159,Betty,Burton,bburton4e@ameblo.jp,Female,246.120.76.219
160,Margaret,Powell,mpowell4f@ibm.com,Female,205.21.197.199
161,Jonathan,Evans,jevans4g@java.com,Male,137.180.144.126
162,Clarence,Robertson,crobertson4h@independent.co.uk,Male,91.176.133.56
163,Barbara,Nichols,bnichols4i@usgs.gov,Female,106.208.82.111
164,Louis,Ford,lford4j@nydailynews.com,Male,154.221.229.199
165,Alice,Ward,award4k@ezinearticles.com,Female,142.211.48.229
166,Eugene,Vasquez,evasquez4l@myspace.com,Male,11.29.57.173
167,Rebecca,Franklin,rfranklin4m@wired.com,Female,15.127.85.19
168,Anthony,Mitchell,amitchell4n@google.com.au,Male,160.54.47.153
169,Maria,Romero,mromero4o@pen.io,Female,12.120.139.14
170,Norma,Miller,nmiller4p@amazonaws.com,Female,170.82.240.15
171,Rose,Washington,rwashington4q@bloomberg.com,Female,173.166.121.250
172,Rachel,Walker,rwalker4r@reddit.com,Female,34.199.141.94
173,Theresa,Grant,tgrant4s@mlb.com,Female,242.136.167.106
174,Donna,Reynolds,dreynolds4t@posterous.com,Female,0.175.0.133
175,Benjamin,Arnold,barnold4u@weather.com,Male,148.29.0.45
176,Sarah,Franklin,sfranklin4v@networkadvertising.org,Female,72.44.145.106
177,Carol,Kelley,ckelley4w@buzzfeed.com,Female,130.132.40.19
178,Irene,Frazier,ifrazier4x@tuttocitta.it,Female,29.129.191.118
179,Larry,Lawrence,llawrence4y@boston.com,Male,230.35.164.47
180,Wayne,Flores,wflores4z@canalblog.com,Male,170.136.100.214
181,Dorothy,Montgomery,dmontgomery50@engadget.com,Female,83.124.213.126
182,Nicole,West,nwest51@nifty.com,Female,13.169.207.162
183,Jennifer,Matthews,jmatthews52@squidoo.com,Female,246.110.187.12
184,Victor,Owens,vowens53@bloglines.com,Male,129.27.4.216
185,Marilyn,Johnson,mjohnson54@dailymail.co.uk,Female,43.214.40.108
186,Shawn,Hunter,shunter55@amazonaws.com,Male,199.7.160.74
187,Kevin,Carpenter,kcarpenter56@xing.com,Male,15.69.66.243
188,Chris,Cooper,ccooper57@answers.com,Male,163.183.117.54
189,Jessica,Lane,jlane58@hubpages.com,Female,61.117.47.64
190,Kenneth,Chavez,kchavez59@twitter.com,Male,47.97.64.26
191,Fred,Day,fday5a@wikimedia.org,Male,0.49.251.163
192,Helen,Foster,hfoster5b@indiegogo.com,Female,19.13.96.247
193,Jonathan,Burke,jburke5c@networksolutions.com,Male,102.123.136.216
194,Angela,Meyer,ameyer5d@nydailynews.com,Female,247.90.32.12
195,Frank,Ryan,fryan5e@tumblr.com,Male,210.42.249.212
196,Frank,Jenkins,fjenkins5f@ox.ac.uk,Male,63.120.75.237
197,Billy,Moore,bmoore5g@jigsy.com,Male,157.117.187.229
198,Ralph,Martin,rmartin5h@usatoday.com,Male,124.58.8.58
199,Craig,Burton,cburton5i@ca.gov,Male,16.33.104.169
200,Cheryl,Barnes,cbarnes5j@printfriendly.com,Female,152.21.88.159
201,Judy,Bryant,jbryant5k@printfriendly.com,Female,11.176.106.34
202,Howard,Romero,hromero5l@squidoo.com,Male,222.65.229.36
203,Diana,Bowman,dbowman5m@indiegogo.com,Female,8.45.148.129
204,Ruby,Kelley,rkelley5n@prlog.org,Female,181.218.197.78
205,Joan,Hudson,jhudson5o@technorati.com,Female,17.157.119.189
206,Jose,Peterson,jpeterson5p@yale.edu,Male,208.27.197.123
207,Joyce,Lynch,jlynch5q@parallels.com,Female,142.169.36.221
208,Ann,Washington,awashington5r@zimbio.com,Female,27.104.5.59
209,Scott,Knight,sknight5s@usda.gov,Male,213.72.209.37
210,Charles,Kelly,ckelly5t@devhub.com,Male,233.107.139.159
211,Beverly,Hughes,bhughes5u@sakura.ne.jp,Female,206.109.202.35
212,Nicole,Payne,npayne5v@ftc.gov,Female,59.191.54.54
213,John,Black,jblack5w@yahoo.com,Male,147.5.194.116
214,Ralph,Larson,rlarson5x@netvibes.com,Male,18.8.201.148
215,Mark,Watkins,mwatkins5y@dion.ne.jp,Male,97.104.12.255
216,Doris,Coleman,dcoleman5z@t.co,Female,188.222.8.248
217,Evelyn,Elliott,eelliott60@youtube.com,Female,84.218.27.34
218,Nicole,Henry,nhenry61@bbb.org,Female,193.58.154.46
219,Mark,Spencer,mspencer62@tiny.cc,Male,116.156.64.77
220,Stephen,Owens,sowens63@amazon.co.jp,Male,194.72.151.155
221,Michael,Mcdonald,mmcdonald64@flickr.com,Male,233.78.148.67
222,Katherine,Cox,kcox65@google.pl,Female,25.178.158.138
223,Rebecca,Perkins,rperkins66@fema.gov,Female,15.31.207.75
224,Nicole,Hawkins,nhawkins67@ucla.edu,Female,145.176.121.58
225,Willie,Montgomery,wmontgomery68@yandex.ru,Male,217.239.217.90
226,Jane,Smith,jsmith69@nytimes.com,Female,60.82.0.164
227,Lillian,Owens,lowens6a@last.fm,Female,166.48.154.228
228,Billy,Hudson,bhudson6b@diigo.com,Male,200.100.70.25
229,Jean,Reynolds,jreynolds6c@irs.gov,Female,175.234.141.163
230,Gloria,Sanders,gsanders6d@redcross.org,Female,80.163.44.60
231,Gloria,Palmer,gpalmer6e@dyndns.org,Female,100.33.254.211
232,Shawn,Parker,sparker6f@va.gov,Male,128.226.169.176
233,Martin,Watkins,mwatkins6g@bizjournals.com,Male,136.50.213.12
234,Donald,Henry,dhenry6h@geocities.jp,Male,117.127.202.211
235,Dennis,Perez,dperez6i@cafepress.com,Male,114.185.49.223
236,Irene,Hunt,ihunt6j@intel.com,Female,59.204.85.63
237,Jane,Larson,jlarson6k@craigslist.org,Female,68.186.219.44
238,Jeremy,Porter,jporter6l@exblog.jp,Male,132.121.14.184
239,Earl,Oliver,eoliver6m@rediff.com,Male,1.224.124.53
240,Anthony,Gray,agray6n@exblog.jp,Male,178.24.71.234
241,Patricia,Bailey,pbailey6o@soundcloud.com,Female,135.58.141.86
242,Cynthia,Sanchez,csanchez6p@dmoz.org,Female,19.124.83.186
243,Christine,Olson,colson6q@booking.com,Female,31.127.184.172
244,Jack,Jenkins,jjenkins6r@noaa.gov,Male,194.76.76.113
245,Nicholas,White,nwhite6s@histats.com,Male,4.42.190.164
246,Mary,Hawkins,mhawkins6t@mozilla.org,Female,165.148.231.142
247,Helen,Rogers,hrogers6u@samsung.com,Female,218.127.28.207
248,Joe,Sullivan,jsullivan6v@unblog.fr,Male,135.205.91.63
249,Lois,Kelley,lkelley6w@php.net,Female,52.94.142.39
250,Carolyn,Meyer,cmeyer6x@google.ca,Female,228.183.230.105
251,Susan,Ray,sray6y@over-blog.com,Female,25.32.40.254
252,Louis,Hicks,lhicks6z@nationalgeographic.com,Male,211.247.66.31
253,Phyllis,Larson,plarson70@hibu.com,Female,50.90.28.121
254,Anne,Hart,ahart71@imgur.com,Female,207.241.160.86
255,Sharon,Wheeler,swheeler72@thetimes.co.uk,Female,151.52.45.167
256,Larry,Banks,lbanks73@blogspot.com,Male,205.166.45.183
257,Margaret,Roberts,mroberts74@apple.com,Female,180.82.48.138
258,Beverly,Johnson,bjohnson75@nps.gov,Female,40.190.130.213
259,Carolyn,Lawson,clawson76@pen.io,Female,71.120.168.226
260,Daniel,Montgomery,dmontgomery77@abc.net.au,Male,140.32.90.216
261,Dorothy,White,dwhite78@sphinn.com,Female,110.146.59.187
262,Sarah,Ross,sross79@unesco.org,Female,13.11.33.20
263,Patricia,Fuller,pfuller7a@army.mil,Female,123.23.105.48
264,Matthew,Olson,molson7b@utexas.edu,Male,216.192.23.131
265,Ryan,Williamson,rwilliamson7c@instagram.com,Male,35.60.64.195
266,Jean,Hayes,jhayes7d@opera.com,Female,192.59.112.85
267,Brenda,Chapman,bchapman7e@nationalgeographic.com,Female,30.156.209.29
268,Arthur,Richardson,arichardson7f@msn.com,Male,72.253.168.170
269,Jeffrey,Murray,jmurray7g@cdc.gov,Male,25.112.158.112
270,Randy,Mccoy,rmccoy7h@sina.com.cn,Male,58.185.154.226
271,Donna,Moreno,dmoreno7i@youtu.be,Female,255.86.30.250
272,Lisa,Ellis,lellis7j@about.com,Female,87.193.185.197
273,Emily,Stephens,estephens7k@taobao.com,Female,142.212.220.47
274,Anne,Day,aday7l@foxnews.com,Female,51.121.170.183
275,Shawn,Ford,sford7m@blinklist.com,Male,47.138.214.171
276,Justin,Washington,jwashington7n@arstechnica.com,Male,65.127.246.34
277,James,Cruz,jcruz7o@reuters.com,Male,21.14.99.191
278,Evelyn,Lawrence,elawrence7p@furl.net,Female,75.47.46.113
279,Diana,Burke,dburke7q@quantcast.com,Female,144.150.150.74
280,Steven,Ramos,sramos7r@marketwatch.com,Male,235.164.192.70
281,Kevin,Peters,kpeters7s@columbia.edu,Male,216.180.113.122
282,Mark,Hawkins,mhawkins7t@indiatimes.com,Male,58.21.143.32
283,Howard,Sanders,hsanders7u@dot.gov,Male,170.67.81.128
284,Stephen,Harris,sharris7v@hugedomains.com,Male,128.164.23.196
285,Jack,Stone,jstone7w@printfriendly.com,Male,65.145.61.204
286,Beverly,Carr,bcarr7x@google.nl,Female,27.84.170.212
287,Russell,Burke,rburke7y@howstuffworks.com,Male,236.196.86.255
288,Kimberly,Ferguson,kferguson7z@chron.com,Female,111.180.180.48
289,Craig,Andrews,candrews80@bloomberg.com,Male,216.87.54.63
290,Harry,Schmidt,hschmidt81@mashable.com,Male,21.209.38.129
291,Frank,Burton,fburton82@forbes.com,Male,96.1.19.117
292,Brenda,White,bwhite83@mashable.com,Female,173.72.125.6
293,Dorothy,Hayes,dhayes84@tmall.com,Female,242.14.195.75
294,Ruth,Smith,rsmith85@typepad.com,Female,76.225.212.234
295,Russell,Dean,rdean86@cmu.edu,Male,84.176.91.68
296,Henry,Armstrong,harmstrong87@soundcloud.com,Male,90.172.233.229
297,Jeffrey,Murphy,jmurphy88@addthis.com,Male,212.59.146.74
298,Russell,Snyder,rsnyder89@xrea.com,Male,117.61.220.10
299,Irene,Allen,iallen8a@disqus.com,Female,101.228.5.154
300,Tina,Bishop,tbishop8b@issuu.com,Female,19.13.178.241
301,Carol,Duncan,cduncan8c@admin.ch,Female,242.49.202.120
302,Phillip,Harper,pharper8d@spiegel.de,Male,77.6.28.249
303,Keith,Lee,klee8e@ftc.gov,Male,11.0.3.74
304,Jerry,Green,jgreen8f@flickr.com,Male,178.14.22.62
305,Melissa,Johnston,mjohnston8g@wikipedia.org,Female,23.120.115.214
306,Jeremy,Lynch,jlynch8h@github.io,Male,204.160.102.170
307,Roger,Schmidt,rschmidt8i@rakuten.co.jp,Male,239.164.235.6
308,Karen,Willis,kwillis8j@ehow.com,Female,99.3.234.137
309,Jack,Wood,jwood8k@telegraph.co.uk,Male,31.142.122.4
310,Scott,Garza,sgarza8l@opera.com,Male,206.12.66.158
311,Jessica,Payne,jpayne8m@t-online.de,Female,112.86.131.67
312,Carl,Banks,cbanks8n@1und1.de,Male,137.161.13.159
313,Gerald,Simmons,gsimmons8o@cdc.gov,Male,27.5.172.241
314,Jeffrey,Schmidt,jschmidt8p@about.com,Male,235.102.166.5
315,Kevin,Hart,khart8q@miitbeian.gov.cn,Male,39.19.111.245
316,Cheryl,Garcia,cgarcia8r@weebly.com,Female,154.217.46.8
317,Mildred,Hunter,mhunter8s@intel.com,Female,160.134.202.63
318,Edward,Owens,eowens8t@acquirethisname.com,Male,165.168.1.218
319,Willie,Green,wgreen8u@wikispaces.com,Male,230.45.227.51
320,Terry,Franklin,tfranklin8v@wikipedia.org,Male,243.240.219.184
321,Margaret,Barnes,mbarnes8w@wordpress.com,Female,250.48.98.140
322,Jennifer,Dixon,jdixon8x@amazon.co.jp,Female,241.168.8.30
323,Emily,Lopez,elopez8y@adobe.com,Female,185.29.207.23
324,Andrea,Martin,amartin8z@dailymotion.com,Female,31.187.166.190
325,Nancy,Franklin,nfranklin90@flickr.com,Female,32.20.195.73
326,Julia,Lewis,jlewis91@usda.gov,Female,144.203.82.113
327,Louise,Cooper,lcooper92@cdbaby.com,Female,240.179.20.197
328,Terry,Peters,tpeters93@soup.io,Male,23.86.84.220
329,Marie,Green,mgreen94@netscape.com,Female,250.179.38.246
330,Rebecca,Sanders,rsanders95@berkeley.edu,Female,190.222.94.172
331,Michelle,Bell,mbell96@cargocollective.com,Female,187.212.110.215
332,Christopher,Williamson,cwilliamson97@qq.com,Male,60.243.175.123
333,Kathleen,Nguyen,knguyen98@hp.com,Female,224.203.54.144
334,Earl,Marshall,emarshall99@fema.gov,Male,186.137.167.38
335,Harold,Gutierrez,hgutierrez9a@ovh.net,Male,229.184.223.153
336,Richard,Hansen,rhansen9b@cdbaby.com,Male,87.31.230.192
337,Ryan,Jordan,rjordan9c@yale.edu,Male,115.98.120.118
338,Arthur,Hughes,ahughes9d@tmall.com,Male,3.191.48.108
339,Joyce,Cruz,jcruz9e@goo.gl,Female,179.250.88.139
340,Tina,Gomez,tgomez9f@wikia.com,Female,211.73.108.93
341,Michelle,Gutierrez,mgutierrez9g@nps.gov,Female,188.238.209.70
342,Edward,Hayes,ehayes9h@vinaora.com,Male,129.53.54.216
343,Bonnie,Mason,bmason9i@artisteer.com,Female,7.134.182.204
344,Victor,Davis,vdavis9j@apple.com,Male,174.195.233.254
345,Walter,Ortiz,wortiz9k@studiopress.com,Male,63.51.38.23
346,Gary,Howard,ghoward9l@webnode.com,Male,231.187.236.26
347,Christopher,Rodriguez,crodriguez9m@dedecms.com,Male,55.98.207.6
348,James,Hudson,jhudson9n@typepad.com,Male,52.37.83.121
349,Christina,Ruiz,cruiz9o@ted.com,Female,189.36.36.200
350,Rose,Collins,rcollins9p@zdnet.com,Female,144.2.217.175
351,Virginia,Flores,vflores9q@marketwatch.com,Female,242.128.197.115
352,Amanda,Moore,amoore9r@bloomberg.com,Female,76.75.92.245
353,Brian,Weaver,bweaver9s@plala.or.jp,Male,62.198.117.147
354,Laura,Perez,lperez9t@vkontakte.ru,Female,252.155.232.184
355,Ralph,Garza,rgarza9u@economist.com,Male,229.122.236.202
356,Anthony,Marshall,amarshall9v@tamu.edu,Male,22.183.253.211
357,Phyllis,Crawford,pcrawford9w@usgs.gov,Female,244.0.82.139
358,Denise,Anderson,danderson9x@ebay.co.uk,Female,231.42.148.211
359,Jonathan,Allen,jallen9y@phoca.cz,Male,70.57.161.98
360,Joshua,Butler,jbutler9z@xinhuanet.com,Male,228.118.103.157
361,Jason,Flores,jfloresa0@over-blog.com,Male,43.254.3.255
362,Margaret,Lewis,mlewisa1@dyndns.org,Female,147.147.55.119
363,Norma,Davis,ndavisa2@businessweek.com,Female,200.192.146.125
364,Margaret,Reynolds,mreynoldsa3@shareasale.com,Female,101.69.177.156
365,Daniel,Bryant,dbryanta4@google.de,Male,106.156.130.139
366,Clarence,Stephens,cstephensa5@ebay.co.uk,Male,161.243.190.109
367,Nancy,Freeman,nfreemana6@tmall.com,Female,175.60.203.3
368,Frank,Johnston,fjohnstona7@businesswire.com,Male,251.98.251.178
369,Nicole,Stewart,nstewarta8@google.ru,Female,151.4.169.56
370,Richard,Reed,rreeda9@nature.com,Male,212.137.247.224
371,Sarah,Dixon,sdixonaa@ted.com,Female,72.206.90.11
372,Donald,Gilbert,dgilbertab@fema.gov,Male,74.57.65.9
373,Bobby,Cruz,bcruzac@un.org,Male,248.29.3.233
374,Jean,Williamson,jwilliamsonad@artisteer.com,Female,176.27.4.83
375,Joseph,Carter,jcarterae@china.com.cn,Male,221.51.227.122
376,Diana,Scott,dscottaf@mozilla.com,Female,230.252.24.245
377,Arthur,Torres,atorresag@dedecms.com,Male,43.227.197.186
378,Catherine,Brown,cbrownah@alexa.com,Female,2.152.219.137
379,Joshua,Long,jlongai@tripod.com,Male,214.58.192.99
380,Gary,Howell,ghowellaj@amazonaws.com,Male,199.206.117.130
381,Stephen,Kelley,skelleyak@ow.ly,Male,143.104.249.156
382,Katherine,Romero,kromeroal@theguardian.com,Female,107.25.130.127
383,Peter,Arnold,parnoldam@mit.edu,Male,239.86.232.181
384,Jesse,Lopez,jlopezan@goo.ne.jp,Male,70.225.154.235
385,Robin,Gutierrez,rgutierrezao@dagondesign.com,Female,16.153.39.95
386,Brandon,Hudson,bhudsonap@ftc.gov,Male,231.60.52.141
387,Lillian,Snyder,lsnyderaq@globo.com,Female,45.63.154.250
388,Martha,Dean,mdeanar@marketwatch.com,Female,160.40.187.59
389,Kimberly,Richardson,krichardsonas@163.com,Female,235.202.213.179
390,Tammy,Campbell,tcampbellat@rambler.ru,Female,79.12.216.249
391,Christine,Nelson,cnelsonau@salon.com,Female,242.106.223.24
392,Marie,Perkins,mperkinsav@istockphoto.com,Female,87.91.64.217
393,Joyce,Chapman,jchapmanaw@pbs.org,Female,62.97.185.33
394,Jeffrey,Murray,jmurrayax@lulu.com,Male,7.214.32.233
395,Paul,Spencer,pspenceray@people.com.cn,Male,5.79.86.144
396,Russell,Wheeler,rwheeleraz@e-recht24.de,Male,216.87.33.122
397,Philip,Nelson,pnelsonb0@dedecms.com,Male,99.202.74.206
398,Stephanie,Hernandez,shernandezb1@arizona.edu,Female,195.145.123.154
399,Willie,Cunningham,wcunninghamb2@ucoz.ru,Male,4.177.87.203
400,Antonio,Sullivan,asullivanb3@house.gov,Male,114.170.2.112
401,Russell,Riley,rrileyb4@taobao.com,Male,186.12.189.96
402,Carolyn,Gibson,cgibsonb5@livejournal.com,Female,141.178.183.180
403,Pamela,Murphy,pmurphyb6@moonfruit.com,Female,166.108.226.186
404,Helen,Barnes,hbarnesb7@google.cn,Female,26.8.149.114
405,Bonnie,Ellis,bellisb8@hatena.ne.jp,Female,70.60.230.108
406,Louise,Kennedy,lkennedyb9@wiley.com,Female,24.185.220.108
407,Randy,Roberts,rrobertsba@theatlantic.com,Male,47.228.117.12
408,Adam,Gardner,agardnerbb@weibo.com,Male,13.71.156.151
409,Brandon,Carter,bcarterbc@issuu.com,Male,140.167.163.184
410,Lori,Carpenter,lcarpenterbd@i2i.jp,Female,83.230.130.150
411,Alan,Snyder,asnyderbe@latimes.com,Male,116.240.154.49
412,Rose,Taylor,rtaylorbf@hubpages.com,Female,158.64.78.163
413,Jack,Campbell,jcampbellbg@quantcast.com,Male,136.152.215.127
414,Gerald,Wood,gwoodbh@ow.ly,Male,218.2.143.92
415,Judith,Cunningham,jcunninghambi@stanford.edu,Female,60.247.39.187
416,Debra,Lawson,dlawsonbj@merriam-webster.com,Female,76.250.248.212
417,Michelle,Castillo,mcastillobk@wikipedia.org,Female,152.185.51.65
418,Jeffrey,Morales,jmoralesbl@yahoo.com,Male,58.248.32.205
419,Theresa,Fox,tfoxbm@eventbrite.com,Female,128.165.224.228
420,Maria,Rogers,mrogersbn@dropbox.com,Female,161.149.100.210
421,Heather,Clark,hclarkbo@ca.gov,Female,129.229.214.208
422,Marilyn,Marshall,mmarshallbp@delicious.com,Female,229.214.91.65
423,Sean,Mcdonald,smcdonaldbq@thetimes.co.uk,Male,216.51.170.187
424,Earl,Hamilton,ehamiltonbr@mozilla.org,Male,236.55.168.216
425,Stephanie,Patterson,spattersonbs@apple.com,Female,122.34.15.252
426,Marie,Romero,mromerobt@goo.gl,Female,129.119.147.35
427,Kimberly,Carr,kcarrbu@apache.org,Female,231.69.151.169
428,Linda,Garcia,lgarciabv@rediff.com,Female,197.25.249.245
429,Patricia,Sullivan,psullivanbw@goo.ne.jp,Female,116.11.133.165
430,Thomas,King,tkingbx@home.pl,Male,130.86.174.70
431,Martin,Wallace,mwallaceby@cbslocal.com,Male,49.139.138.179
432,Ernest,Collins,ecollinsbz@eventbrite.com,Male,203.229.161.114
433,Lillian,Morgan,lmorganc0@reuters.com,Female,117.88.7.101
434,Bruce,Hunt,bhuntc1@de.vu,Male,208.111.3.108
435,Henry,Wood,hwoodc2@moonfruit.com,Male,197.82.227.71
436,Michael,Thompson,mthompsonc3@cdc.gov,Male,246.247.144.139
437,Justin,Lawson,jlawsonc4@mysql.com,Male,160.198.133.99
438,Joe,Lawrence,jlawrencec5@cdc.gov,Male,161.181.145.80
439,Joan,Vasquez,jvasquezc6@slate.com,Female,113.18.165.7
440,Louis,Russell,lrussellc7@alexa.com,Male,43.36.32.80
441,Amy,Brown,abrownc8@seesaa.net,Female,13.24.113.236
442,Billy,Hansen,bhansenc9@instagram.com,Male,163.128.69.74
443,Elizabeth,Morris,emorrisca@nifty.com,Female,137.83.164.12
444,Patrick,Wood,pwoodcb@apache.org,Male,54.154.110.139
445,Stephanie,Brooks,sbrookscc@sun.com,Female,98.85.80.42
446,Peter,Ferguson,pfergusoncd@engadget.com,Male,44.250.135.113
447,Steve,Armstrong,sarmstrongce@seattletimes.com,Male,136.169.102.246
448,Johnny,Larson,jlarsoncf@hostgator.com,Male,104.45.169.62
449,Walter,Roberts,wrobertscg@istockphoto.com,Male,208.201.25.133
450,Andrew,Hill,ahillch@harvard.edu,Male,125.53.27.129
451,Bruce,Stephens,bstephensci@boston.com,Male,233.26.75.213
452,Billy,Myers,bmyerscj@weebly.com,Male,6.227.23.100
453,Andrew,Brooks,abrooksck@nydailynews.com,Male,80.90.18.164
454,Ryan,Gomez,rgomezcl@redcross.org,Male,183.163.250.192
455,Matthew,Collins,mcollinscm@fema.gov,Male,95.108.94.72
456,Kathryn,Watkins,kwatkinscn@noaa.gov,Female,210.242.134.96
457,Steve,Holmes,sholmesco@cargocollective.com,Male,178.109.133.60
458,Denise,Washington,dwashingtoncp@ebay.com,Female,61.76.214.7
459,Dorothy,Stanley,dstanleycq@geocities.jp,Female,188.17.0.195
460,George,Dixon,gdixoncr@unc.edu,Male,222.203.139.121
461,Carl,Jenkins,cjenkinscs@myspace.com,Male,31.183.160.116
462,Ann,Wallace,awallacect@xrea.com,Female,250.49.78.111
463,Diana,Sims,dsimscu@constantcontact.com,Female,111.132.138.88
464,Wanda,Fisher,wfishercv@theatlantic.com,Female,223.206.11.200
465,Richard,Wilson,rwilsoncw@spiegel.de,Male,42.133.78.111
466,Kathleen,Hunter,khuntercx@vk.com,Female,122.105.100.250
467,Andrea,Meyer,ameyercy@census.gov,Female,220.67.240.143
468,Earl,Mccoy,emccoycz@163.com,Male,95.107.139.72
469,Debra,Davis,ddavisd0@eepurl.com,Female,167.254.103.225
470,Gloria,Fowler,gfowlerd1@geocities.jp,Female,31.14.149.211
471,Heather,Carter,hcarterd2@wufoo.com,Female,228.229.76.105
472,Angela,Thomas,athomasd3@ifeng.com,Female,112.9.62.200
473,Carlos,Jones,cjonesd4@discuz.net,Male,100.43.118.176
474,Larry,Hudson,lhudsond5@gizmodo.com,Male,139.100.163.154
475,Philip,Green,pgreend6@github.io,Male,22.49.207.24
476,Lillian,Russell,lrusselld7@alexa.com,Female,229.189.77.68
477,Richard,Lane,rlaned8@apple.com,Male,63.152.250.161
478,Jason,Ford,jfordd9@a8.net,Male,88.171.237.128
479,Howard,Woods,hwoodsda@europa.eu,Male,81.211.64.166
480,Gerald,Mason,gmasondb@ca.gov,Male,136.246.134.152
481,Jonathan,Meyer,jmeyerdc@google.com.hk,Male,105.29.44.169
482,Virginia,Lawson,vlawsondd@zdnet.com,Female,227.191.187.134
483,Lawrence,Stone,lstonede@networkadvertising.org,Male,91.71.93.124
484,Ruby,Rivera,rriveradf@fotki.com,Female,115.89.131.145
485,Phyllis,Johnson,pjohnsondg@telegraph.co.uk,Female,12.244.79.16
486,Heather,Gomez,hgomezdh@xrea.com,Female,250.251.223.13
487,Amy,Sanchez,asanchezdi@delicious.com,Female,222.137.219.250
488,Steven,Green,sgreendj@1und1.de,Male,122.144.150.102
489,Betty,Elliott,belliottdk@apple.com,Female,251.174.100.205
490,Eric,Kelley,ekelleydl@phoca.cz,Male,4.244.98.133
491,Teresa,Garcia,tgarciadm@google.co.jp,Female,199.97.41.120
492,Eric,Torres,etorresdn@free.fr,Male,62.48.230.242
493,Julia,Green,jgreendo@dedecms.com,Female,169.49.112.8
494,Evelyn,Ross,erossdp@huffingtonpost.com,Female,192.236.96.73
495,Mark,Fernandez,mfernandezdq@themeforest.net,Male,242.60.50.173
496,Norma,Snyder,nsnyderdr@ustream.tv,Female,64.177.130.201
497,Martin,Wagner,mwagnerds@theguardian.com,Male,200.11.42.211
498,Joan,Brooks,jbrooksdt@boston.com,Female,229.138.72.77
499,Melissa,Hall,mhalldu@lycos.com,Female,22.153.119.74
500,Frank,Brooks,fbrooksdv@samsung.com,Male,86.15.6.201
501,Sean,Reynolds,sreynoldsdw@furl.net,Male,204.57.10.205
502,Victor,Myers,vmyersdx@youtu.be,Male,127.68.110.77
503,Wanda,Andrews,wandrewsdy@stumbleupon.com,Female,250.120.32.122
504,Irene,Willis,iwillisdz@canalblog.com,Female,13.99.219.28
505,Evelyn,Williamson,ewilliamsone0@ucsd.edu,Female,40.159.175.184
506,Marie,Kennedy,mkennedye1@vistaprint.com,Female,178.83.234.146
507,Nicole,Ross,nrosse2@ameblo.jp,Female,12.150.43.75
508,Phillip,Jenkins,pjenkinse3@canalblog.com,Male,185.104.190.31
509,Keith,Harris,kharrise4@google.co.uk,Male,17.200.39.118
510,Katherine,Jones,kjonese5@elegantthemes.com,Female,187.185.92.161
511,Evelyn,Moore,emooree6@shinystat.com,Female,254.139.54.139
512,Judith,Dixon,jdixone7@jugem.jp,Female,149.206.102.173
513,Kenneth,Fernandez,kfernandeze8@yellowpages.com,Male,157.191.62.158
514,Jack,Edwards,jedwardse9@tmall.com,Male,83.209.112.229
515,Elizabeth,Sanchez,esanchezea@chron.com,Female,156.118.32.224
516,Carlos,Nichols,cnicholseb@goo.gl,Male,219.169.45.9
517,Randy,Gonzalez,rgonzalezec@umich.edu,Male,134.194.123.107
518,Dorothy,Austin,daustined@examiner.com,Female,125.33.222.65
519,Jacqueline,Medina,jmedinaee@comcast.net,Female,90.48.149.20
520,Cynthia,Robertson,crobertsonef@disqus.com,Female,220.248.243.155
521,Richard,Simmons,rsimmonseg@google.pl,Male,87.81.172.172
522,Jerry,Watkins,jwatkinseh@oakley.com,Male,216.63.111.131
523,Joyce,Bailey,jbaileyei@hugedomains.com,Female,173.237.235.21
524,Carl,Fuller,cfullerej@vk.com,Male,168.127.80.171
525,Henry,Meyer,hmeyerek@virginia.edu,Male,131.59.67.66
526,Linda,Gilbert,lgilbertel@tripod.com,Female,157.26.206.201
527,Ernest,Fernandez,efernandezem@blinklist.com,Male,167.160.127.139
528,Victor,West,vwesten@google.es,Male,20.95.138.150
529,Patricia,Torres,ptorreseo@shop-pro.jp,Female,194.112.81.212
530,Lawrence,Freeman,lfreemanep@addthis.com,Male,239.60.17.225
531,Diana,Ford,dfordeq@epa.gov,Female,0.224.119.11
532,Laura,Jordan,ljordaner@ucla.edu,Female,139.214.241.114
533,Diane,Wilson,dwilsones@comcast.net,Female,119.223.166.109
534,Joe,Flores,jfloreset@jimdo.com,Male,135.160.204.73
535,Kenneth,Ferguson,kfergusoneu@blinklist.com,Male,120.207.220.152
536,Jean,Sanders,jsandersev@wikimedia.org,Female,152.156.107.141
537,Larry,Cole,lcoleew@webmd.com,Male,247.187.131.54
538,Lois,Thomas,lthomasex@umn.edu,Female,102.69.20.3
539,Alan,Medina,amedinaey@cpanel.net,Male,82.155.30.159
540,Lois,Vasquez,lvasquezez@vk.com,Female,202.241.81.149
541,Nicholas,Davis,ndavisf0@chron.com,Male,82.84.47.15
542,Annie,Lee,aleef1@intel.com,Female,72.166.114.98
543,Christine,Green,cgreenf2@github.com,Female,186.90.227.121
544,Alan,Ellis,aellisf3@naver.com,Male,76.49.31.143
545,Matthew,Young,myoungf4@a8.net,Male,23.104.73.141
546,Rebecca,Berry,rberryf5@livejournal.com,Female,163.75.189.112
547,Margaret,Kim,mkimf6@china.com.cn,Female,34.180.105.68
548,Todd,Murphy,tmurphyf7@amazon.co.jp,Male,197.76.60.52
549,Paul,Jordan,pjordanf8@pcworld.com,Male,47.123.79.210
550,Christine,Lee,cleef9@lycos.com,Female,33.170.171.165
551,Carolyn,Weaver,cweaverfa@biblegateway.com,Female,102.138.56.115
552,Alice,Brown,abrownfb@delicious.com,Female,164.72.61.12
553,Chris,Andrews,candrewsfc@va.gov,Male,138.249.48.198
554,Kimberly,Woods,kwoodsfd@1und1.de,Female,65.18.7.230
555,Carlos,Hill,chillfe@smugmug.com,Male,106.43.232.138
556,Patricia,Nguyen,pnguyenff@bbb.org,Female,156.108.75.71
557,Betty,Hamilton,bhamiltonfg@123-reg.co.uk,Female,103.242.185.168
558,Timothy,Richards,trichardsfh@webmd.com,Male,208.98.144.245
559,Rachel,Cooper,rcooperfi@cocolog-nifty.com,Female,125.90.100.37
560,David,Holmes,dholmesfj@npr.org,Male,232.21.169.53
561,Norma,Clark,nclarkfk@dedecms.com,Female,171.191.197.17
562,Kathleen,Berry,kberryfl@whitehouse.gov,Female,205.95.58.52
563,Roger,Freeman,rfreemanfm@tinypic.com,Male,198.144.149.213
564,Paul,Cox,pcoxfn@php.net,Male,219.68.211.253
565,Shawn,Carter,scarterfo@gov.uk,Male,4.241.167.210
566,Emily,Ryan,eryanfp@dropbox.com,Female,195.168.118.221
567,Chris,Murphy,cmurphyfq@illinois.edu,Male,112.67.0.139
568,Larry,Harvey,lharveyfr@netlog.com,Male,93.74.8.215
569,Lori,Gordon,lgordonfs@e-recht24.de,Female,215.222.98.22
570,Martha,George,mgeorgeft@webmd.com,Female,63.178.76.211
571,Ashley,Palmer,apalmerfu@redcross.org,Female,139.247.52.203
572,Earl,Green,egreenfv@independent.co.uk,Male,98.128.81.83
573,Diane,Vasquez,dvasquezfw@nature.com,Female,71.216.87.182
574,Michelle,Hart,mhartfx@theguardian.com,Female,53.157.231.71
575,Stephen,Duncan,sduncanfy@lulu.com,Male,93.112.171.92
576,Jeffrey,Gardner,jgardnerfz@alibaba.com,Male,145.108.85.20
577,Kenneth,Tucker,ktuckerg0@blog.com,Male,153.167.220.90
578,Wayne,Jackson,wjacksong1@umn.edu,Male,166.225.157.133
579,Theresa,Jackson,tjacksong2@salon.com,Female,185.1.131.234
580,Frank,Fisher,ffisherg3@mediafire.com,Male,72.89.33.231
581,Susan,Simmons,ssimmonsg4@shinystat.com,Female,82.75.173.182
582,Juan,George,jgeorgeg5@ask.com,Male,51.140.201.172
583,Helen,Butler,hbutlerg6@free.fr,Female,59.192.222.241
584,Carolyn,Welch,cwelchg7@nature.com,Female,4.31.134.57
585,Louis,Weaver,lweaverg8@shutterfly.com,Male,242.129.78.131
586,Judith,Harper,jharperg9@prweb.com,Female,157.11.203.145
587,Mildred,Fields,mfieldsga@is.gd,Female,196.180.33.154
588,Clarence,Cruz,ccruzgb@foxnews.com,Male,121.28.176.88
589,Jerry,Franklin,jfranklingc@latimes.com,Male,212.167.42.249
590,Dennis,Mcdonald,dmcdonaldgd@so-net.ne.jp,Male,63.145.30.39
591,Teresa,Holmes,tholmesge@amazon.co.jp,Female,150.180.176.100
592,Evelyn,Patterson,epattersongf@usa.gov,Female,184.107.179.239
593,Sara,Murray,smurraygg@indiatimes.com,Female,70.148.188.220
594,Dennis,Phillips,dphillipsgh@bandcamp.com,Male,76.52.70.41
595,Jack,Coleman,jcolemangi@slashdot.org,Male,32.194.116.211
596,Michael,Hansen,mhansengj@diigo.com,Male,93.163.244.13
597,Doris,Watkins,dwatkinsgk@dedecms.com,Female,136.43.249.167
598,Tina,Fisher,tfishergl@dailymail.co.uk,Female,131.132.88.98
599,Amanda,Castillo,acastillogm@woothemes.com,Female,212.145.23.40
600,Joseph,Morgan,jmorgangn@creativecommons.org,Male,136.102.34.176
601,Walter,Carroll,wcarrollgo@shareasale.com,Male,193.91.21.95
602,Robin,Price,rpricegp@yahoo.co.jp,Female,191.216.188.53
603,Benjamin,Howard,bhowardgq@is.gd,Male,24.31.96.179
604,Brandon,Kim,bkimgr@yolasite.com,Male,34.232.16.122
605,Bruce,Frazier,bfraziergs@ow.ly,Male,156.125.253.25
606,Diana,Wallace,dwallacegt@reuters.com,Female,117.188.232.178
607,Michelle,Bradley,mbradleygu@homestead.com,Female,133.225.100.3
608,Jane,Smith,jsmithgv@columbia.edu,Female,17.118.37.30
609,Aaron,Griffin,agriffingw@dell.com,Male,169.87.134.16
610,Michelle,Cox,mcoxgx@meetup.com,Female,215.85.107.166
611,Mary,Wood,mwoodgy@goodreads.com,Female,228.172.77.166
612,Jacqueline,Owens,jowensgz@nih.gov,Female,200.198.114.195
613,Christine,Hudson,chudsonh0@cnn.com,Female,247.69.156.212
614,Julia,Powell,jpowellh1@myspace.com,Female,97.134.64.25
615,Adam,Thomas,athomash2@statcounter.com,Male,129.73.2.48
616,James,Matthews,jmatthewsh3@huffingtonpost.com,Male,52.50.103.107
617,Kimberly,Hernandez,khernandezh4@histats.com,Female,82.73.84.170
618,Jack,Reed,jreedh5@loc.gov,Male,161.119.233.146
619,Gregory,Nguyen,gnguyenh6@t-online.de,Male,230.160.151.255
620,Cynthia,Rice,criceh7@liveinternet.ru,Female,152.255.119.241
621,Antonio,Pierce,apierceh8@posterous.com,Male,207.215.146.193
622,Steve,Cox,scoxh9@stanford.edu,Male,133.65.233.201
623,Julia,Oliver,joliverha@google.cn,Female,146.80.208.26
624,Adam,Mccoy,amccoyhb@upenn.edu,Male,194.255.19.69
625,Sandra,Garrett,sgarretthc@illinois.edu,Female,137.115.51.233
626,Timothy,Ruiz,truizhd@buzzfeed.com,Male,168.116.5.30
627,William,Gray,wgrayhe@mail.ru,Male,13.41.242.96
628,Fred,Bishop,fbishophf@addtoany.com,Male,169.177.191.86
629,Kimberly,Webb,kwebbhg@rediff.com,Female,116.94.241.121
630,Brandon,Watson,bwatsonhh@flavors.me,Male,220.105.231.38
631,Martha,Jenkins,mjenkinshi@cam.ac.uk,Female,152.64.120.183
632,Jane,Bryant,jbryanthj@ca.gov,Female,98.25.178.23
633,Joshua,Alexander,jalexanderhk@ebay.co.uk,Male,171.197.250.217
634,Paula,Sullivan,psullivanhl@merriam-webster.com,Female,56.251.179.213
635,Judy,Hayes,jhayeshm@boston.com,Female,78.133.32.7
636,Jeremy,Banks,jbankshn@typepad.com,Male,253.248.245.13
637,Christopher,Hanson,chansonho@house.gov,Male,193.165.125.132
638,Heather,Morgan,hmorganhp@ox.ac.uk,Female,18.59.249.22
639,Robert,Hudson,rhudsonhq@nih.gov,Male,146.45.194.59
640,William,Brooks,wbrookshr@blogs.com,Male,3.78.139.96
641,Margaret,Carpenter,mcarpenterhs@simplemachines.org,Female,218.1.184.239
642,Barbara,Cruz,bcruzht@ihg.com,Female,136.171.240.234
643,Ralph,Myers,rmyershu@google.es,Male,231.33.166.85
644,Alice,Martinez,amartinezhv@tripod.com,Female,23.40.192.187
645,Jeremy,Wagner,jwagnerhw@dell.com,Male,159.211.239.64
646,Christina,Martin,cmartinhx@themeforest.net,Female,53.231.29.33
647,Emily,Jackson,ejacksonhy@mayoclinic.com,Female,3.34.241.156
648,Jerry,Coleman,jcolemanhz@oaic.gov.au,Male,63.140.250.133
649,Sandra,Gordon,sgordoni0@npr.org,Female,215.14.126.41
650,Jonathan,Murphy,jmurphyi1@cafepress.com,Male,201.68.138.96
651,Martin,Long,mlongi2@nifty.com,Male,255.140.245.175
652,Antonio,Porter,aporteri3@icq.com,Male,166.71.109.0
653,Paul,Hudson,phudsoni4@biglobe.ne.jp,Male,55.3.178.128
654,Jonathan,Wright,jwrighti5@imageshack.us,Male,62.241.194.29
655,Karen,Bishop,kbishopi6@webmd.com,Female,177.180.26.195
656,Alan,Gonzales,agonzalesi7@parallels.com,Male,47.112.178.152
657,Paul,Edwards,pedwardsi8@sina.com.cn,Male,210.141.37.162
658,Juan,Russell,jrusselli9@nymag.com,Male,177.50.12.180
659,Christopher,Castillo,ccastilloia@aboutads.info,Male,86.112.186.186
660,Norma,Bishop,nbishopib@cdc.gov,Female,1.94.177.162
661,Jerry,Wallace,jwallaceic@mac.com,Male,208.100.89.44
662,Deborah,Moore,dmooreid@blogger.com,Female,102.125.177.80
663,Jesse,Harvey,jharveyie@google.com.au,Male,88.233.92.99
664,Julia,Myers,jmyersif@delicious.com,Female,102.39.9.140
665,Rebecca,Snyder,rsnyderig@microsoft.com,Female,109.71.130.161
666,Janet,Gomez,jgomezih@accuweather.com,Female,2.17.118.111
667,Amanda,Reynolds,areynoldsii@amazon.co.jp,Female,54.39.38.71
668,Norma,Mendoza,nmendozaij@blogs.com,Female,113.208.58.209
669,Mildred,Dunn,mdunnik@bbc.co.uk,Female,134.163.143.219
670,Martin,Hansen,mhansenil@latimes.com,Male,65.213.91.35
671,Jimmy,Crawford,jcrawfordim@ustream.tv,Male,194.164.113.21
672,Gerald,Hunt,ghuntin@dailymotion.com,Male,192.4.91.143
673,Gerald,Chapman,gchapmanio@1688.com,Male,234.13.214.212
674,Clarence,Sanders,csandersip@squarespace.com,Male,70.154.249.186
675,Albert,Carroll,acarrolliq@addtoany.com,Male,99.18.231.56
676,Christopher,Alexander,calexanderir@nytimes.com,Male,120.121.101.159
677,Louise,Collins,lcollinsis@wordpress.org,Female,253.60.11.245
678,Joseph,Castillo,jcastilloit@constantcontact.com,Male,14.196.179.233
679,Elizabeth,Cooper,ecooperiu@sohu.com,Female,103.135.26.29
680,Joyce,Simpson,jsimpsoniv@delicious.com,Female,9.147.132.59
681,Angela,Reynolds,areynoldsiw@trellian.com,Female,137.50.227.208
682,Gerald,Johnson,gjohnsonix@g.co,Male,126.10.5.63
683,Gerald,Reynolds,greynoldsiy@dropbox.com,Male,211.248.46.139
684,Irene,Hayes,ihayesiz@i2i.jp,Female,160.246.21.20
685,Ashley,Fernandez,afernandezj0@weebly.com,Female,38.168.113.254
686,Fred,Walker,fwalkerj1@wired.com,Male,147.14.54.194
687,Julia,Henry,jhenryj2@usgs.gov,Female,69.53.98.157
688,Joseph,Mccoy,jmccoyj3@cargocollective.com,Male,79.134.246.98
689,Frances,James,fjamesj4@dot.gov,Female,48.181.114.249
690,Sean,Jenkins,sjenkinsj5@foxnews.com,Male,52.21.152.150
691,Aaron,Diaz,adiazj6@scribd.com,Male,92.137.20.237
692,Linda,Hicks,lhicksj7@cpanel.net,Female,194.3.254.52
693,Joseph,Meyer,jmeyerj8@ox.ac.uk,Male,198.192.189.80
694,Kelly,Spencer,kspencerj9@cyberchimps.com,Female,31.82.14.0
695,Richard,Alexander,ralexanderja@mysql.com,Male,19.57.163.97
696,Brian,Alvarez,balvarezjb@quantcast.com,Male,102.166.66.179
697,Daniel,Butler,dbutlerjc@reuters.com,Male,167.64.74.82
698,Doris,Fuller,dfullerjd@addthis.com,Female,154.194.129.44
699,Anna,Gray,agrayje@phpbb.com,Female,25.141.168.80
700,Helen,Sanders,hsandersjf@intel.com,Female,103.29.204.77
701,Timothy,Williamson,twilliamsonjg@mysql.com,Male,31.164.10.175
702,Philip,Webb,pwebbjh@vimeo.com,Male,15.230.57.160
703,Diane,Roberts,drobertsji@mysql.com,Female,22.71.132.163
704,Tina,Hawkins,thawkinsjj@rakuten.co.jp,Female,164.213.119.130
705,Evelyn,Snyder,esnyderjk@blogtalkradio.com,Female,179.250.17.119
706,Martin,Woods,mwoodsjl@latimes.com,Male,202.70.161.252
707,Deborah,Bell,dbelljm@sina.com.cn,Female,225.100.202.242
708,Elizabeth,Lynch,elynchjn@dion.ne.jp,Female,163.176.32.70
709,Philip,Williams,pwilliamsjo@desdev.cn,Male,30.216.40.112
710,George,Nichols,gnicholsjp@nytimes.com,Male,209.32.155.213
711,Jerry,Washington,jwashingtonjq@dedecms.com,Male,215.3.222.33
712,Barbara,Day,bdayjr@eventbrite.com,Female,112.54.136.106
713,Helen,Gonzales,hgonzalesjs@craigslist.org,Female,6.183.22.216
714,Dennis,Perry,dperryjt@technorati.com,Male,208.123.94.61
715,Sandra,Harrison,sharrisonju@ca.gov,Female,41.41.31.40
716,Charles,Garcia,cgarciajv@symantec.com,Male,2.207.2.239
717,Louis,James,ljamesjw@drupal.org,Male,129.133.28.96
718,Janet,Hicks,jhicksjx@hao123.com,Female,104.14.20.98
719,Scott,Edwards,sedwardsjy@ebay.com,Male,242.119.10.166
720,Lori,Fernandez,lfernandezjz@cargocollective.com,Female,100.122.42.3
721,Martin,Mason,mmasonk0@php.net,Male,25.49.140.192
722,Benjamin,Edwards,bedwardsk1@jalbum.net,Male,9.85.196.153
723,Kathy,Mills,kmillsk2@ebay.co.uk,Female,146.250.209.50
724,Debra,Walker,dwalkerk3@mtv.com,Female,52.12.219.129
725,Melissa,Burton,mburtonk4@theatlantic.com,Female,116.25.239.39
726,Phillip,Watson,pwatsonk5@t.co,Male,242.91.221.17
727,Virginia,Gibson,vgibsonk6@pinterest.com,Female,253.88.151.132
728,Jeffrey,James,jjamesk7@ihg.com,Male,118.244.115.224
729,Angela,Ortiz,aortizk8@ehow.com,Female,184.209.147.43
730,Matthew,Day,mdayk9@salon.com,Male,77.187.111.16
731,Martha,Lane,mlaneka@gravatar.com,Female,90.76.22.101
732,Douglas,Riley,drileykb@scribd.com,Male,222.198.21.157
733,Donald,Lawrence,dlawrencekc@mayoclinic.com,Male,205.240.75.55
734,Antonio,Richards,arichardskd@yellowpages.com,Male,50.13.198.54
735,Alice,Crawford,acrawfordke@yahoo.com,Female,237.149.252.26
736,Evelyn,Hudson,ehudsonkf@netlog.com,Female,72.201.178.115
737,Randy,Peterson,rpetersonkg@gnu.org,Male,47.196.219.66
738,Linda,Thompson,lthompsonkh@barnesandnoble.com,Female,46.137.102.216
739,Mildred,Howell,mhowellki@devhub.com,Female,244.134.237.59
740,Joyce,Lane,jlanekj@tripadvisor.com,Female,186.7.210.218
741,Stephanie,Welch,swelchkk@japanpost.jp,Female,158.13.47.178
742,Virginia,Perry,vperrykl@wisc.edu,Female,139.202.175.191
743,George,Collins,gcollinskm@boston.com,Male,112.204.202.215
744,Doris,Mendoza,dmendozakn@yellowpages.com,Female,250.81.123.224
745,Joseph,King,jkingko@google.it,Male,183.132.251.67
746,Cynthia,Gordon,cgordonkp@indiegogo.com,Female,119.83.4.222
747,Andrea,Murphy,amurphykq@cmu.edu,Female,136.234.109.228
748,Anna,Howell,ahowellkr@comsenz.com,Female,145.122.20.123
749,Amy,Oliver,aoliverks@123-reg.co.uk,Female,112.57.28.158
750,Jane,Bell,jbellkt@yelp.com,Female,0.197.216.73
751,Marilyn,Davis,mdavisku@soundcloud.com,Female,114.16.158.154
752,Laura,Rogers,lrogerskv@geocities.com,Female,91.193.222.171
753,Christina,Franklin,cfranklinkw@cnet.com,Female,163.49.131.42
754,Richard,Green,rgreenkx@yandex.ru,Male,213.221.84.86
755,Willie,Jackson,wjacksonky@uiuc.edu,Male,223.99.45.119
756,Marie,Meyer,mmeyerkz@nba.com,Female,13.33.162.36
757,Antonio,Brooks,abrooksl0@imgur.com,Male,247.151.131.182
758,Roger,Stanley,rstanleyl1@livejournal.com,Male,56.61.21.31
759,Joe,Boyd,jboydl2@rakuten.co.jp,Male,244.229.104.187
760,Russell,Hayes,rhayesl3@bing.com,Male,55.50.50.5
761,Lori,Carpenter,lcarpenterl4@techcrunch.com,Female,225.40.90.75
762,Douglas,Patterson,dpattersonl5@soup.io,Male,52.230.38.172
763,Christina,Williamson,cwilliamsonl6@networkadvertising.org,Female,162.248.229.102
764,Ralph,Watson,rwatsonl7@zimbio.com,Male,28.182.46.133
765,Sharon,Kelly,skellyl8@goo.gl,Female,92.189.167.99
766,Denise,Kennedy,dkennedyl9@tripod.com,Female,90.223.41.177
767,Sara,Lee,sleela@acquirethisname.com,Female,79.215.228.65
768,Howard,Wells,hwellslb@elpais.com,Male,50.22.255.200
769,Jane,Hanson,jhansonlc@istockphoto.com,Female,107.197.80.32
770,Jessica,Kelley,jkelleyld@answers.com,Female,213.244.95.22
771,Arthur,West,awestle@ovh.net,Male,79.43.209.76
772,Keith,Morris,kmorrislf@foxnews.com,Male,186.114.94.102
773,Ronald,Cox,rcoxlg@miitbeian.gov.cn,Male,107.224.211.133
774,Louis,Peterson,lpetersonlh@google.com.au,Male,239.71.171.156
775,Arthur,Nelson,anelsonli@wix.com,Male,140.215.214.18
776,Christopher,Sanders,csanderslj@cloudflare.com,Male,195.30.92.223
777,Adam,Banks,abankslk@printfriendly.com,Male,182.245.214.118
778,Rebecca,Mason,rmasonll@cmu.edu,Female,148.84.146.152
779,Samuel,Ortiz,sortizlm@webs.com,Male,73.23.55.204
780,Sarah,King,skingln@icio.us,Female,3.241.36.206
781,Gloria,Holmes,gholmeslo@ucoz.ru,Female,188.3.130.33
782,Emily,King,ekinglp@tumblr.com,Female,40.122.130.192
783,Debra,Duncan,dduncanlq@quantcast.com,Female,65.109.72.91
784,Anna,Young,ayounglr@patch.com,Female,241.114.25.100
785,Sarah,Weaver,sweaverls@booking.com,Female,110.149.53.81
786,Annie,King,akinglt@angelfire.com,Female,57.148.243.35
787,Joseph,Hall,jhalllu@imageshack.us,Male,91.67.126.203
788,Evelyn,Hansen,ehansenlv@cbc.ca,Female,200.27.56.0
789,William,Willis,wwillislw@soup.io,Male,201.165.124.177
790,Cheryl,Bell,cbelllx@mysql.com,Female,189.171.156.154
791,Roy,Armstrong,rarmstrongly@microsoft.com,Male,81.18.5.99
792,John,Crawford,jcrawfordlz@ucla.edu,Male,30.236.183.147
793,Mildred,White,mwhitem0@blogspot.com,Female,80.134.125.107
794,Brandon,Spencer,bspencerm1@bravesites.com,Male,212.246.103.190
795,Stephen,Olson,solsonm2@whitehouse.gov,Male,227.119.132.115
796,Craig,Nichols,cnicholsm3@apache.org,Male,194.17.23.116
797,Michael,Wilson,mwilsonm4@hud.gov,Male,9.132.40.228
798,Rachel,Burns,rburnsm5@admin.ch,Female,169.140.64.87
799,Doris,Owens,dowensm6@harvard.edu,Female,108.23.128.109
800,Stephen,Moreno,smorenom7@sogou.com,Male,55.234.247.23
801,Todd,Boyd,tboydm8@last.fm,Male,169.100.54.114
802,Robert,Simmons,rsimmonsm9@upenn.edu,Male,27.35.192.146
803,Timothy,Fowler,tfowlerma@shinystat.com,Male,189.48.84.214
804,Alan,Nichols,anicholsmb@marriott.com,Male,230.223.101.221
805,Judith,Turner,jturnermc@patch.com,Female,230.213.103.10
806,Joe,Patterson,jpattersonmd@microsoft.com,Male,200.84.63.182
807,Ashley,Robinson,arobinsonme@irs.gov,Female,224.182.226.105
808,Jack,Harper,jharpermf@google.fr,Male,54.181.214.96
809,Earl,Young,eyoungmg@about.me,Male,103.18.171.4
810,Margaret,Hawkins,mhawkinsmh@ibm.com,Female,246.87.100.42
811,Doris,Collins,dcollinsmi@gizmodo.com,Female,4.141.4.245
812,Diana,Long,dlongmj@oakley.com,Female,244.148.82.240
813,Stephen,Arnold,sarnoldmk@accuweather.com,Male,133.81.37.147
814,Samuel,Brooks,sbrooksml@biglobe.ne.jp,Male,24.42.242.144
815,Stephanie,Hernandez,shernandezmm@netvibes.com,Female,180.72.156.227
816,Lois,Allen,lallenmn@naver.com,Female,227.151.239.45
817,George,Ross,grossmo@is.gd,Male,46.117.140.183
818,Samuel,Peters,spetersmp@auda.org.au,Male,137.238.5.234
819,Earl,Ferguson,efergusonmq@indiegogo.com,Male,82.81.106.41
820,Chris,Spencer,cspencermr@go.com,Male,75.143.223.48
821,Annie,Long,alongms@feedburner.com,Female,86.67.177.31
822,Rebecca,Warren,rwarrenmt@aboutads.info,Female,34.178.110.224
823,Phyllis,Roberts,probertsmu@typepad.com,Female,92.222.186.106
824,Janice,Brooks,jbrooksmv@seattletimes.com,Female,127.11.220.66
825,Betty,Cook,bcookmw@pbs.org,Female,199.34.223.145
826,Anthony,Morris,amorrismx@indiatimes.com,Male,253.121.24.194
827,Peter,Fernandez,pfernandezmy@msu.edu,Male,86.117.99.12
828,Sara,Morales,smoralesmz@goo.ne.jp,Female,89.198.126.174
829,Evelyn,Rogers,erogersn0@google.de,Female,39.46.36.226
830,Emily,Gutierrez,egutierrezn1@joomla.org,Female,23.148.230.54
831,Anna,George,ageorgen2@sina.com.cn,Female,214.105.64.226
832,Roger,White,rwhiten3@cnet.com,Male,210.43.0.232
833,Beverly,Cunningham,bcunninghamn4@twitter.com,Female,39.186.58.63
834,Phyllis,Austin,paustinn5@php.net,Female,138.170.66.240
835,Gloria,Garcia,ggarcian6@gravatar.com,Female,59.172.241.90
836,Aaron,Brooks,abrooksn7@berkeley.edu,Male,191.70.152.134
837,Teresa,Dixon,tdixonn8@yahoo.co.jp,Female,20.95.62.10
838,Marie,Hansen,mhansenn9@state.gov,Female,157.130.52.252
839,Mark,Pierce,mpiercena@bigcartel.com,Male,65.229.0.45
840,Anthony,Sims,asimsnb@eepurl.com,Male,226.103.19.83
841,Walter,Jackson,wjacksonnc@ebay.com,Male,210.202.66.119
842,Stephanie,Torres,storresnd@geocities.jp,Female,112.13.113.105
843,Phyllis,Hill,phillne@blog.com,Female,215.241.174.224
844,Deborah,Oliver,dolivernf@theguardian.com,Female,67.179.62.215
845,Kenneth,Fields,kfieldsng@gov.uk,Male,198.52.131.34
846,Tammy,Watson,twatsonnh@ameblo.jp,Female,150.198.198.123
847,Brandon,Robertson,brobertsonni@hubpages.com,Male,48.89.223.235
848,Matthew,Hill,mhillnj@cargocollective.com,Male,48.100.91.40
849,Ruby,Campbell,rcampbellnk@fastcompany.com,Female,200.166.181.107
850,Mark,Simmons,msimmonsnl@dell.com,Male,183.166.48.4
851,Jacqueline,Ward,jwardnm@jimdo.com,Female,234.242.195.72
852,Earl,Carpenter,ecarpenternn@google.co.jp,Male,74.163.247.141
853,Emily,Jackson,ejacksonno@360.cn,Female,231.109.212.192
854,Jason,Ramos,jramosnp@dot.gov,Male,74.131.21.250
855,Ruth,Gilbert,rgilbertnq@ihg.com,Female,142.189.253.170
856,Pamela,Crawford,pcrawfordnr@vinaora.com,Female,90.220.45.4
857,Aaron,Perez,aperezns@princeton.edu,Male,190.90.237.144
858,Jacqueline,Knight,jknightnt@examiner.com,Female,23.26.34.121
859,Jacqueline,Howard,jhowardnu@google.com.hk,Female,76.231.226.203
860,Diana,Johnston,djohnstonnv@github.io,Female,239.180.94.104
861,Harry,Fowler,hfowlernw@ftc.gov,Male,131.49.230.188
862,Ruby,Andrews,randrewsnx@ezinearticles.com,Female,152.23.130.63
863,Evelyn,Rogers,erogersny@google.cn,Female,209.84.215.62
864,Paul,Rogers,progersnz@g.co,Male,12.221.166.190
865,Catherine,Ford,cfordo0@cafepress.com,Female,72.3.137.128
866,Michelle,Holmes,mholmeso1@gravatar.com,Female,216.243.47.222
867,Douglas,Lee,dleeo2@multiply.com,Male,47.7.55.97
868,Chris,Stone,cstoneo3@w3.org,Male,140.126.61.122
869,Helen,Coleman,hcolemano4@archive.org,Female,131.28.67.212
870,Wayne,Nelson,wnelsono5@google.cn,Male,79.100.96.236
871,Marie,Stone,mstoneo6@economist.com,Female,59.13.202.111
872,Brenda,West,bwesto7@alibaba.com,Female,100.192.236.201
873,Judy,Wells,jwellso8@technorati.com,Female,212.21.161.120
874,Matthew,Ortiz,mortizo9@dion.ne.jp,Male,73.205.203.56
875,Ryan,Stanley,rstanleyoa@noaa.gov,Male,192.237.15.164
876,Brenda,George,bgeorgeob@census.gov,Female,191.193.126.187
877,Chris,Bishop,cbishopoc@columbia.edu,Male,42.217.170.217
878,Lillian,Campbell,lcampbellod@newyorker.com,Female,119.39.152.200
879,Beverly,Owens,bowensoe@washington.edu,Female,184.99.81.65
880,Marie,Cooper,mcooperof@elegantthemes.com,Female,209.22.189.221
881,Billy,Sanders,bsandersog@vk.com,Male,106.244.54.151
882,Wanda,Pierce,wpierceoh@altervista.org,Female,245.70.214.0
883,Tammy,Taylor,ttayloroi@paginegialle.it,Female,254.38.83.14
884,Philip,Scott,pscottoj@ezinearticles.com,Male,252.53.199.228
885,Wayne,Fox,wfoxok@comsenz.com,Male,237.34.232.210
886,Louis,Bowman,lbowmanol@dion.ne.jp,Male,186.255.174.61
887,Shawn,Hicks,shicksom@fastcompany.com,Male,176.144.249.170
888,Kimberly,Hart,kharton@free.fr,Female,15.12.229.239
889,Teresa,Hughes,thughesoo@devhub.com,Female,37.15.25.128
890,Jean,Johnston,jjohnstonop@dot.gov,Female,205.230.73.25
891,Louise,Garza,lgarzaoq@bandcamp.com,Female,146.101.101.72
892,Katherine,Robinson,krobinsonor@networkadvertising.org,Female,199.169.134.105
893,Arthur,Ward,awardos@netlog.com,Male,24.165.185.195
894,Doris,Austin,daustinot@goo.ne.jp,Female,66.214.54.59
895,Barbara,Carter,bcarterou@ihg.com,Female,99.46.76.226
896,Irene,Evans,ievansov@ed.gov,Female,95.103.200.239
897,Christine,Ray,crayow@geocities.com,Female,124.77.130.101
898,Daniel,Simpson,dsimpsonox@cafepress.com,Male,66.252.98.60
899,Wanda,Berry,wberryoy@icq.com,Female,162.246.124.55
900,Rachel,Gonzalez,rgonzalezoz@wikispaces.com,Female,123.12.59.7
901,Ann,Payne,apaynep0@a8.net,Female,98.156.56.131
902,Howard,Gordon,hgordonp1@desdev.cn,Male,103.254.207.194
903,Michael,Reynolds,mreynoldsp2@wikispaces.com,Male,22.233.30.173
904,Gary,Chapman,gchapmanp3@apache.org,Male,91.37.27.101
905,Billy,Price,bpricep4@time.com,Male,181.97.164.213
906,Judy,Reyes,jreyesp5@bluehost.com,Female,227.107.92.250
907,Terry,Ortiz,tortizp6@miibeian.gov.cn,Male,169.158.154.98
908,Willie,Brown,wbrownp7@shutterfly.com,Male,140.90.171.27
909,Matthew,Scott,mscottp8@yolasite.com,Male,133.250.16.191
910,Jesse,Collins,jcollinsp9@theglobeandmail.com,Male,247.175.246.233
911,Scott,Perkins,sperkinspa@comcast.net,Male,98.211.20.253
912,Ashley,Olson,aolsonpb@csmonitor.com,Female,211.0.183.90
913,Judy,Howell,jhowellpc@mit.edu,Female,66.24.0.71
914,Carolyn,Banks,cbankspd@cdc.gov,Female,92.38.108.81
915,Kenneth,Hanson,khansonpe@multiply.com,Male,3.193.4.125
916,Steve,Reed,sreedpf@google.co.jp,Male,9.122.113.197
917,Mary,Simpson,msimpsonpg@mlb.com,Female,210.93.184.142
918,Douglas,Martin,dmartinph@pbs.org,Male,103.209.196.100
919,Chris,Gonzales,cgonzalespi@reference.com,Male,239.9.97.164
920,Steven,Bowman,sbowmanpj@newsvine.com,Male,84.117.122.106
921,Bobby,Bryant,bbryantpk@github.com,Male,58.254.105.83
922,Barbara,Welch,bwelchpl@prweb.com,Female,0.109.86.41
923,Virginia,Ryan,vryanpm@istockphoto.com,Female,58.203.220.149
924,Kathryn,Howell,khowellpn@alibaba.com,Female,8.212.175.199
925,Brenda,Clark,bclarkpo@themeforest.net,Female,174.187.219.60
926,Earl,Morgan,emorganpp@sphinn.com,Male,74.193.110.136
927,Jack,Jacobs,jjacobspq@redcross.org,Male,230.104.232.0
928,Susan,Powell,spowellpr@friendfeed.com,Female,101.116.248.173
929,Deborah,Butler,dbutlerps@usa.gov,Female,227.220.219.215
930,Ernest,Andrews,eandrewspt@studiopress.com,Male,174.164.143.172
931,Gary,Rivera,griverapu@examiner.com,Male,248.251.103.193
932,Fred,Harrison,fharrisonpv@house.gov,Male,106.51.70.40
933,Nancy,Rose,nrosepw@mit.edu,Female,96.250.217.204
934,Patricia,Payne,ppaynepx@wordpress.com,Female,147.78.26.156
935,Keith,Powell,kpowellpy@cmu.edu,Male,254.22.145.94
936,Patricia,Johnston,pjohnstonpz@army.mil,Female,136.5.125.109
937,Joyce,Brooks,jbrooksq0@about.me,Female,97.57.162.164
938,Katherine,Dean,kdeanq1@umich.edu,Female,174.34.53.190
939,Antonio,Mills,amillsq2@apache.org,Male,98.244.208.119
940,Rose,Tucker,rtuckerq3@naver.com,Female,249.233.207.9
941,Shirley,Bishop,sbishopq4@smugmug.com,Female,58.245.134.202
942,Karen,Spencer,kspencerq5@clickbank.net,Female,187.29.127.103
943,Lori,Cooper,lcooperq6@scribd.com,Female,71.131.237.140
944,Norma,Rivera,nriveraq7@hexun.com,Female,9.117.25.235
945,Robin,Lawson,rlawsonq8@phpbb.com,Female,251.12.12.7
946,Jonathan,Medina,jmedinaq9@mit.edu,Male,151.87.58.135
947,Donna,Carr,dcarrqa@sitemeter.com,Female,30.4.139.105
948,Edward,Rogers,erogersqb@nature.com,Male,0.59.204.193
949,Jerry,Medina,jmedinaqc@miibeian.gov.cn,Male,202.8.165.248
950,Jerry,Carroll,jcarrollqd@free.fr,Male,102.132.194.28
951,Michelle,Washington,mwashingtonqe@hao123.com,Female,155.77.197.23
952,Carol,Bennett,cbennettqf@freewebs.com,Female,164.83.42.119
953,Steve,Henry,shenryqg@quantcast.com,Male,105.94.8.80
954,Alan,Fuller,afullerqh@amazon.co.jp,Male,44.16.253.150
955,Ronald,Roberts,rrobertsqi@blogs.com,Male,12.12.81.92
956,Paula,Morrison,pmorrisonqj@goo.gl,Female,165.117.214.96
957,Virginia,Schmidt,vschmidtqk@latimes.com,Female,239.90.46.246
958,Cynthia,Elliott,celliottql@google.ca,Female,166.0.54.117
959,Randy,Mills,rmillsqm@sciencedirect.com,Male,64.97.208.143
960,Rebecca,Ryan,rryanqn@amazon.com,Female,223.127.0.35
961,Juan,Hawkins,jhawkinsqo@issuu.com,Male,54.171.186.140
962,Sara,Richards,srichardsqp@fc2.com,Female,8.72.27.195
963,Matthew,Patterson,mpattersonqq@g.co,Male,241.126.212.171
964,Albert,Morgan,amorganqr@epa.gov,Male,188.60.238.207
965,Virginia,Peterson,vpetersonqs@about.me,Female,209.54.92.42
966,Amy,Ward,awardqt@wired.com,Female,84.59.176.107
967,John,Stephens,jstephensqu@topsy.com,Male,158.197.158.68
968,Benjamin,Garrett,bgarrettqv@tinypic.com,Male,16.171.88.33
969,Christine,Gordon,cgordonqw@goo.gl,Female,138.159.128.71
970,Barbara,Larson,blarsonqx@upenn.edu,Female,121.159.247.12
971,Christine,Little,clittleqy@google.cn,Female,41.167.194.120
972,Randy,Stevens,rstevensqz@hibu.com,Male,252.58.196.174
973,Virginia,Edwards,vedwardsr0@symantec.com,Female,80.167.196.215
974,Margaret,Clark,mclarkr1@go.com,Female,18.213.30.219
975,Craig,Gutierrez,cgutierrezr2@arizona.edu,Male,189.239.56.92
976,Antonio,Clark,aclarkr3@ezinearticles.com,Male,124.66.101.14
977,Virginia,Brown,vbrownr4@joomla.org,Female,31.220.43.17
978,Steven,Banks,sbanksr5@google.it,Male,12.231.5.126
979,Jonathan,Barnes,jbarnesr6@netscape.com,Male,10.144.249.134
980,Brian,Schmidt,bschmidtr7@uiuc.edu,Male,34.35.108.218
981,Rebecca,Collins,rcollinsr8@smh.com.au,Female,13.55.215.87
982,Wanda,Nichols,wnicholsr9@wiley.com,Female,235.149.61.126
983,Roy,Hudson,rhudsonra@usnews.com,Male,177.111.73.81
984,Jason,Ross,jrossrb@comcast.net,Male,165.203.62.248
985,John,Day,jdayrc@about.com,Male,225.16.128.24
986,Lori,Gray,lgrayrd@google.ru,Female,38.44.19.5
987,Carlos,Berry,cberryre@cocolog-nifty.com,Male,160.18.148.222
988,Cynthia,Lee,cleerf@clickbank.net,Female,109.104.188.123
989,Brenda,Carr,bcarrrg@mit.edu,Female,55.228.94.209
990,Phyllis,Scott,pscottrh@bloomberg.com,Female,207.72.74.79
991,Christopher,Miller,cmillerri@army.mil,Male,67.89.194.250
992,Kenneth,Sanchez,ksanchezrj@mayoclinic.com,Male,153.207.209.234
993,Robert,Martin,rmartinrk@trellian.com,Male,252.170.146.113
994,Julie,Jacobs,jjacobsrl@springer.com,Female,103.82.3.227
995,Victor,Lewis,vlewisrm@unicef.org,Male,37.100.81.116
996,Philip,Hunt,phuntrn@patch.com,Male,117.123.153.190
997,Steven,Matthews,smatthewsro@twitpic.com,Male,93.102.5.40
998,Joshua,Cruz,jcruzrp@paginegialle.it,Male,57.12.38.136
999,Chris,Adams,cadamsrq@cnn.com,Male,51.171.194.16
1000,Heather,Smith,hsmithrr@bing.com,Female,143.69.194.121
